user_id,stock_securities_id,account_number,account_name,account_total_asset,create_time
1,1,5.74E+12,계좌1,1911386,9/17/22
1,1,5.74E+12,계좌1,1911386,9/17/22
1,1,5.74E+12,계좌1,1911386,9/17/22
1,1,5.74E+12,계좌1,1911386,9/17/22
1,1,5.74E+12,계좌1,1911386,9/17/22
1,1,5.74E+12,계좌1,1911386,9/17/22
1,1,5.74E+12,계좌1,1911386,9/17/22
1,1,5.74E+12,계좌1,1911386,9/17/22
1,1,5.74E+12,계좌1,1911386,9/17/22
1,1,5.74E+12,계좌1,1911386,9/17/22
1,1,5.74E+12,계좌1,1911386,9/17/22
1,1,5.74E+12,계좌1,1911386,9/17/22
1,1,5.74E+12,계좌1,1911386,9/17/22
1,1,5.74E+12,계좌1,1911386,9/17/22
2,2,1.57E+12,계좌2,1744732,9/17/22
2,2,1.57E+12,계좌2,1744732,9/17/22
2,2,1.57E+12,계좌2,1744732,9/17/22
2,2,1.57E+12,계좌2,1744732,9/17/22
2,2,1.57E+12,계좌2,1744732,9/17/22
2,2,1.57E+12,계좌2,1744732,9/17/22
2,2,1.57E+12,계좌2,1744732,9/17/22
2,2,1.57E+12,계좌2,1744732,9/17/22
2,2,1.57E+12,계좌2,1744732,9/17/22
2,2,1.57E+12,계좌2,1744732,9/17/22
2,2,1.57E+12,계좌2,1744732,9/17/22
2,2,1.57E+12,계좌2,1744732,9/17/22
2,2,1.57E+12,계좌2,1744732,9/17/22
2,2,1.57E+12,계좌2,1744732,9/17/22
3,3,8.70E+12,계좌3,1454737,9/17/22
3,3,8.70E+12,계좌3,1454737,9/17/22
3,3,8.70E+12,계좌3,1454737,9/17/22
3,3,8.70E+12,계좌3,1454737,9/17/22
3,3,8.70E+12,계좌3,1454737,9/17/22
3,3,8.70E+12,계좌3,1454737,9/17/22
3,3,8.70E+12,계좌3,1454737,9/17/22
3,3,8.70E+12,계좌3,1454737,9/17/22
3,3,8.70E+12,계좌3,1454737,9/17/22
3,3,8.70E+12,계좌3,1454737,9/17/22
3,3,8.70E+12,계좌3,1454737,9/17/22
3,3,8.70E+12,계좌3,1454737,9/17/22
3,3,8.70E+12,계좌3,1454737,9/17/22
3,3,8.70E+12,계좌3,1454737,9/17/22
4,1,1.62E+12,계좌4,1454737,9/17/22
4,1,1.62E+12,계좌4,1454737,9/17/22
4,1,1.62E+12,계좌4,1454737,9/17/22
4,1,1.62E+12,계좌4,1454737,9/17/22
4,1,1.62E+12,계좌4,1454737,9/17/22
4,1,1.62E+12,계좌4,1454737,9/17/22
4,1,1.62E+12,계좌4,1454737,9/17/22
4,1,1.62E+12,계좌4,1454737,9/17/22
4,1,1.62E+12,계좌4,1454737,9/17/22
4,1,1.62E+12,계좌4,1454737,9/17/22
4,1,1.62E+12,계좌4,1454737,9/17/22
4,1,1.62E+12,계좌4,1454737,9/17/22
4,1,1.62E+12,계좌4,1454737,9/17/22
4,1,1.62E+12,계좌4,1454737,9/17/22
5,2,5.96E+12,계좌5,1247757,9/17/22
5,2,5.96E+12,계좌5,1247757,9/17/22
5,2,5.96E+12,계좌5,1247757,9/17/22
5,2,5.96E+12,계좌5,1247757,9/17/22
5,2,5.96E+12,계좌5,1247757,9/17/22
5,2,5.96E+12,계좌5,1247757,9/17/22
5,2,5.96E+12,계좌5,1247757,9/17/22
5,2,5.96E+12,계좌5,1247757,9/17/22
5,2,5.96E+12,계좌5,1247757,9/17/22
5,2,5.96E+12,계좌5,1247757,9/17/22
5,2,5.96E+12,계좌5,1247757,9/17/22
5,2,5.96E+12,계좌5,1247757,9/17/22
5,2,5.96E+12,계좌5,1247757,9/17/22
5,2,5.96E+12,계좌5,1247757,9/17/22
6,3,7.56E+12,계좌6,1075758,9/17/22
6,3,7.56E+12,계좌6,1075758,9/17/22
6,3,7.56E+12,계좌6,1075758,9/17/22
6,3,7.56E+12,계좌6,1075758,9/17/22
6,3,7.56E+12,계좌6,1075758,9/17/22
6,3,7.56E+12,계좌6,1075758,9/17/22
6,3,7.56E+12,계좌6,1075758,9/17/22
6,3,7.56E+12,계좌6,1075758,9/17/22
6,3,7.56E+12,계좌6,1075758,9/17/22
6,3,7.56E+12,계좌6,1075758,9/17/22
6,3,7.56E+12,계좌6,1075758,9/17/22
6,3,7.56E+12,계좌6,1075758,9/17/22
6,3,7.56E+12,계좌6,1075758,9/17/22
6,3,7.56E+12,계좌6,1075758,9/17/22
7,1,5.61E+12,계좌7,1621094,9/17/22
7,1,5.61E+12,계좌7,1621094,9/17/22
7,1,5.61E+12,계좌7,1621094,9/17/22
7,1,5.61E+12,계좌7,1621094,9/17/22
7,1,5.61E+12,계좌7,1621094,9/17/22
7,1,5.61E+12,계좌7,1621094,9/17/22
7,1,5.61E+12,계좌7,1621094,9/17/22
7,1,5.61E+12,계좌7,1621094,9/17/22
7,1,5.61E+12,계좌7,1621094,9/17/22
7,1,5.61E+12,계좌7,1621094,9/17/22
7,1,5.61E+12,계좌7,1621094,9/17/22
7,1,5.61E+12,계좌7,1621094,9/17/22
7,1,5.61E+12,계좌7,1621094,9/17/22
7,1,5.61E+12,계좌7,1621094,9/17/22
8,2,2.43E+12,계좌8,666939,9/17/22
8,2,2.43E+12,계좌8,666939,9/17/22
8,2,2.43E+12,계좌8,666939,9/17/22
8,2,2.43E+12,계좌8,666939,9/17/22
8,2,2.43E+12,계좌8,666939,9/17/22
8,2,2.43E+12,계좌8,666939,9/17/22
8,2,2.43E+12,계좌8,666939,9/17/22
8,2,2.43E+12,계좌8,666939,9/17/22
8,2,2.43E+12,계좌8,666939,9/17/22
8,2,2.43E+12,계좌8,666939,9/17/22
8,2,2.43E+12,계좌8,666939,9/17/22
8,2,2.43E+12,계좌8,666939,9/17/22
8,2,2.43E+12,계좌8,666939,9/17/22
8,2,2.43E+12,계좌8,666939,9/17/22
9,3,6.08E+12,계좌9,1169109,9/17/22
9,3,6.08E+12,계좌9,1169109,9/17/22
9,3,6.08E+12,계좌9,1169109,9/17/22
9,3,6.08E+12,계좌9,1169109,9/17/22
9,3,6.08E+12,계좌9,1169109,9/17/22
9,3,6.08E+12,계좌9,1169109,9/17/22
9,3,6.08E+12,계좌9,1169109,9/17/22
9,3,6.08E+12,계좌9,1169109,9/17/22
9,3,6.08E+12,계좌9,1169109,9/17/22
9,3,6.08E+12,계좌9,1169109,9/17/22
9,3,6.08E+12,계좌9,1169109,9/17/22
9,3,6.08E+12,계좌9,1169109,9/17/22
9,3,6.08E+12,계좌9,1169109,9/17/22
9,3,6.08E+12,계좌9,1169109,9/17/22
10,1,9.69E+12,계좌10,1268713,9/17/22
10,1,9.69E+12,계좌10,1268713,9/17/22
10,1,9.69E+12,계좌10,1268713,9/17/22
10,1,9.69E+12,계좌10,1268713,9/17/22
10,1,9.69E+12,계좌10,1268713,9/17/22
10,1,9.69E+12,계좌10,1268713,9/17/22
10,1,9.69E+12,계좌10,1268713,9/17/22
10,1,9.69E+12,계좌10,1268713,9/17/22
10,1,9.69E+12,계좌10,1268713,9/17/22
10,1,9.69E+12,계좌10,1268713,9/17/22
10,1,9.69E+12,계좌10,1268713,9/17/22
10,1,9.69E+12,계좌10,1268713,9/17/22
10,1,9.69E+12,계좌10,1268713,9/17/22
10,1,9.69E+12,계좌10,1268713,9/17/22
11,2,4.98E+12,계좌11,1009641,9/17/22
11,2,4.98E+12,계좌11,1009641,9/17/22
11,2,4.98E+12,계좌11,1009641,9/17/22
11,2,4.98E+12,계좌11,1009641,9/17/22
11,2,4.98E+12,계좌11,1009641,9/17/22
11,2,4.98E+12,계좌11,1009641,9/17/22
11,2,4.98E+12,계좌11,1009641,9/17/22
11,2,4.98E+12,계좌11,1009641,9/17/22
11,2,4.98E+12,계좌11,1009641,9/17/22
11,2,4.98E+12,계좌11,1009641,9/17/22
11,2,4.98E+12,계좌11,1009641,9/17/22
11,2,4.98E+12,계좌11,1009641,9/17/22
11,2,4.98E+12,계좌11,1009641,9/17/22
11,2,4.98E+12,계좌11,1009641,9/17/22
12,3,1.11E+12,계좌12,1729955,9/17/22
12,3,1.11E+12,계좌12,1729955,9/17/22
12,3,1.11E+12,계좌12,1729955,9/17/22
12,3,1.11E+12,계좌12,1729955,9/17/22
12,3,1.11E+12,계좌12,1729955,9/17/22
12,3,1.11E+12,계좌12,1729955,9/17/22
12,3,1.11E+12,계좌12,1729955,9/17/22
12,3,1.11E+12,계좌12,1729955,9/17/22
12,3,1.11E+12,계좌12,1729955,9/17/22
12,3,1.11E+12,계좌12,1729955,9/17/22
12,3,1.11E+12,계좌12,1729955,9/17/22
12,3,1.11E+12,계좌12,1729955,9/17/22
12,3,1.11E+12,계좌12,1729955,9/17/22
12,3,1.11E+12,계좌12,1729955,9/17/22
13,1,1.92E+12,계좌13,1495327,9/17/22
13,1,1.92E+12,계좌13,1495327,9/17/22
13,1,1.92E+12,계좌13,1495327,9/17/22
13,1,1.92E+12,계좌13,1495327,9/17/22
13,1,1.92E+12,계좌13,1495327,9/17/22
13,1,1.92E+12,계좌13,1495327,9/17/22
13,1,1.92E+12,계좌13,1495327,9/17/22
13,1,1.92E+12,계좌13,1495327,9/17/22
13,1,1.92E+12,계좌13,1495327,9/17/22
13,1,1.92E+12,계좌13,1495327,9/17/22
13,1,1.92E+12,계좌13,1495327,9/17/22
13,1,1.92E+12,계좌13,1495327,9/17/22
13,1,1.92E+12,계좌13,1495327,9/17/22
13,1,1.92E+12,계좌13,1495327,9/17/22
14,2,5.23E+12,계좌14,1402459,9/17/22
14,2,5.23E+12,계좌14,1402459,9/17/22
14,2,5.23E+12,계좌14,1402459,9/17/22
14,2,5.23E+12,계좌14,1402459,9/17/22
14,2,5.23E+12,계좌14,1402459,9/17/22
14,2,5.23E+12,계좌14,1402459,9/17/22
14,2,5.23E+12,계좌14,1402459,9/17/22
14,2,5.23E+12,계좌14,1402459,9/17/22
14,2,5.23E+12,계좌14,1402459,9/17/22
14,2,5.23E+12,계좌14,1402459,9/17/22
14,2,5.23E+12,계좌14,1402459,9/17/22
14,2,5.23E+12,계좌14,1402459,9/17/22
14,2,5.23E+12,계좌14,1402459,9/17/22
14,2,5.23E+12,계좌14,1402459,9/17/22
15,3,2.81E+11,계좌15,981064,9/17/22
15,3,2.81E+11,계좌15,981064,9/17/22
15,3,2.81E+11,계좌15,981064,9/17/22
15,3,2.81E+11,계좌15,981064,9/17/22
15,3,2.81E+11,계좌15,981064,9/17/22
15,3,2.81E+11,계좌15,981064,9/17/22
15,3,2.81E+11,계좌15,981064,9/17/22
15,3,2.81E+11,계좌15,981064,9/17/22
15,3,2.81E+11,계좌15,981064,9/17/22
15,3,2.81E+11,계좌15,981064,9/17/22
15,3,2.81E+11,계좌15,981064,9/17/22
15,3,2.81E+11,계좌15,981064,9/17/22
15,3,2.81E+11,계좌15,981064,9/17/22
15,3,2.81E+11,계좌15,981064,9/17/22
16,1,9.46E+12,계좌16,1732374,9/17/22
16,1,9.46E+12,계좌16,1732374,9/17/22
16,1,9.46E+12,계좌16,1732374,9/17/22
16,1,9.46E+12,계좌16,1732374,9/17/22
16,1,9.46E+12,계좌16,1732374,9/17/22
16,1,9.46E+12,계좌16,1732374,9/17/22
16,1,9.46E+12,계좌16,1732374,9/17/22
16,1,9.46E+12,계좌16,1732374,9/17/22
16,1,9.46E+12,계좌16,1732374,9/17/22
16,1,9.46E+12,계좌16,1732374,9/17/22
16,1,9.46E+12,계좌16,1732374,9/17/22
16,1,9.46E+12,계좌16,1732374,9/17/22
16,1,9.46E+12,계좌16,1732374,9/17/22
16,1,9.46E+12,계좌16,1732374,9/17/22
17,2,2.31E+12,계좌17,1196498,9/17/22
17,2,2.31E+12,계좌17,1196498,9/17/22
17,2,2.31E+12,계좌17,1196498,9/17/22
17,2,2.31E+12,계좌17,1196498,9/17/22
17,2,2.31E+12,계좌17,1196498,9/17/22
17,2,2.31E+12,계좌17,1196498,9/17/22
17,2,2.31E+12,계좌17,1196498,9/17/22
17,2,2.31E+12,계좌17,1196498,9/17/22
17,2,2.31E+12,계좌17,1196498,9/17/22
17,2,2.31E+12,계좌17,1196498,9/17/22
17,2,2.31E+12,계좌17,1196498,9/17/22
17,2,2.31E+12,계좌17,1196498,9/17/22
17,2,2.31E+12,계좌17,1196498,9/17/22
17,2,2.31E+12,계좌17,1196498,9/17/22
18,3,3.51E+11,계좌18,1643425,9/17/22
18,3,3.51E+11,계좌18,1643425,9/17/22
18,3,3.51E+11,계좌18,1643425,9/17/22
18,3,3.51E+11,계좌18,1643425,9/17/22
18,3,3.51E+11,계좌18,1643425,9/17/22
18,3,3.51E+11,계좌18,1643425,9/17/22
18,3,3.51E+11,계좌18,1643425,9/17/22
18,3,3.51E+11,계좌18,1643425,9/17/22
18,3,3.51E+11,계좌18,1643425,9/17/22
18,3,3.51E+11,계좌18,1643425,9/17/22
18,3,3.51E+11,계좌18,1643425,9/17/22
18,3,3.51E+11,계좌18,1643425,9/17/22
18,3,3.51E+11,계좌18,1643425,9/17/22
18,3,3.51E+11,계좌18,1643425,9/17/22
19,1,4.20E+12,계좌19,1857010,9/17/22
19,1,4.20E+12,계좌19,1857010,9/17/22
19,1,4.20E+12,계좌19,1857010,9/17/22
19,1,4.20E+12,계좌19,1857010,9/17/22
19,1,4.20E+12,계좌19,1857010,9/17/22
19,1,4.20E+12,계좌19,1857010,9/17/22
19,1,4.20E+12,계좌19,1857010,9/17/22
19,1,4.20E+12,계좌19,1857010,9/17/22
19,1,4.20E+12,계좌19,1857010,9/17/22
19,1,4.20E+12,계좌19,1857010,9/17/22
19,1,4.20E+12,계좌19,1857010,9/17/22
19,1,4.20E+12,계좌19,1857010,9/17/22
19,1,4.20E+12,계좌19,1857010,9/17/22
19,1,4.20E+12,계좌19,1857010,9/17/22
20,2,3.34E+12,계좌20,1529352,9/17/22
20,2,3.34E+12,계좌20,1529352,9/17/22
20,2,3.34E+12,계좌20,1529352,9/17/22
20,2,3.34E+12,계좌20,1529352,9/17/22
20,2,3.34E+12,계좌20,1529352,9/17/22
20,2,3.34E+12,계좌20,1529352,9/17/22
20,2,3.34E+12,계좌20,1529352,9/17/22
20,2,3.34E+12,계좌20,1529352,9/17/22
20,2,3.34E+12,계좌20,1529352,9/17/22
20,2,3.34E+12,계좌20,1529352,9/17/22
20,2,3.34E+12,계좌20,1529352,9/17/22
20,2,3.34E+12,계좌20,1529352,9/17/22
20,2,3.34E+12,계좌20,1529352,9/17/22
20,2,3.34E+12,계좌20,1529352,9/17/22
21,3,6.60E+11,계좌21,1047387,9/17/22
21,3,6.60E+11,계좌21,1047387,9/17/22
21,3,6.60E+11,계좌21,1047387,9/17/22
21,3,6.60E+11,계좌21,1047387,9/17/22
21,3,6.60E+11,계좌21,1047387,9/17/22
21,3,6.60E+11,계좌21,1047387,9/17/22
21,3,6.60E+11,계좌21,1047387,9/17/22
21,3,6.60E+11,계좌21,1047387,9/17/22
21,3,6.60E+11,계좌21,1047387,9/17/22
21,3,6.60E+11,계좌21,1047387,9/17/22
21,3,6.60E+11,계좌21,1047387,9/17/22
21,3,6.60E+11,계좌21,1047387,9/17/22
21,3,6.60E+11,계좌21,1047387,9/17/22
21,3,6.60E+11,계좌21,1047387,9/17/22
22,1,7.28E+12,계좌22,1151567,9/17/22
22,1,7.28E+12,계좌22,1151567,9/17/22
22,1,7.28E+12,계좌22,1151567,9/17/22
22,1,7.28E+12,계좌22,1151567,9/17/22
22,1,7.28E+12,계좌22,1151567,9/17/22
22,1,7.28E+12,계좌22,1151567,9/17/22
22,1,7.28E+12,계좌22,1151567,9/17/22
22,1,7.28E+12,계좌22,1151567,9/17/22
22,1,7.28E+12,계좌22,1151567,9/17/22
22,1,7.28E+12,계좌22,1151567,9/17/22
22,1,7.28E+12,계좌22,1151567,9/17/22
22,1,7.28E+12,계좌22,1151567,9/17/22
22,1,7.28E+12,계좌22,1151567,9/17/22
22,1,7.28E+12,계좌22,1151567,9/17/22
23,2,6.67E+12,계좌23,918194,9/17/22
23,2,6.67E+12,계좌23,918194,9/17/22
23,2,6.67E+12,계좌23,918194,9/17/22
23,2,6.67E+12,계좌23,918194,9/17/22
23,2,6.67E+12,계좌23,918194,9/17/22
23,2,6.67E+12,계좌23,918194,9/17/22
23,2,6.67E+12,계좌23,918194,9/17/22
23,2,6.67E+12,계좌23,918194,9/17/22
23,2,6.67E+12,계좌23,918194,9/17/22
23,2,6.67E+12,계좌23,918194,9/17/22
23,2,6.67E+12,계좌23,918194,9/17/22
23,2,6.67E+12,계좌23,918194,9/17/22
23,2,6.67E+12,계좌23,918194,9/17/22
23,2,6.67E+12,계좌23,918194,9/17/22
24,3,2.03E+12,계좌24,1314932,9/17/22
24,3,2.03E+12,계좌24,1314932,9/17/22
24,3,2.03E+12,계좌24,1314932,9/17/22
24,3,2.03E+12,계좌24,1314932,9/17/22
24,3,2.03E+12,계좌24,1314932,9/17/22
24,3,2.03E+12,계좌24,1314932,9/17/22
24,3,2.03E+12,계좌24,1314932,9/17/22
24,3,2.03E+12,계좌24,1314932,9/17/22
24,3,2.03E+12,계좌24,1314932,9/17/22
24,3,2.03E+12,계좌24,1314932,9/17/22
24,3,2.03E+12,계좌24,1314932,9/17/22
24,3,2.03E+12,계좌24,1314932,9/17/22
24,3,2.03E+12,계좌24,1314932,9/17/22
24,3,2.03E+12,계좌24,1314932,9/17/22
25,1,6.29E+12,계좌25,1729613,9/17/22
25,1,6.29E+12,계좌25,1729613,9/17/22
25,1,6.29E+12,계좌25,1729613,9/17/22
25,1,6.29E+12,계좌25,1729613,9/17/22
25,1,6.29E+12,계좌25,1729613,9/17/22
25,1,6.29E+12,계좌25,1729613,9/17/22
25,1,6.29E+12,계좌25,1729613,9/17/22
25,1,6.29E+12,계좌25,1729613,9/17/22
25,1,6.29E+12,계좌25,1729613,9/17/22
25,1,6.29E+12,계좌25,1729613,9/17/22
25,1,6.29E+12,계좌25,1729613,9/17/22
25,1,6.29E+12,계좌25,1729613,9/17/22
25,1,6.29E+12,계좌25,1729613,9/17/22
25,1,6.29E+12,계좌25,1729613,9/17/22
26,2,5.08E+12,계좌26,1205693,9/17/22
26,2,5.08E+12,계좌26,1205693,9/17/22
26,2,5.08E+12,계좌26,1205693,9/17/22
26,2,5.08E+12,계좌26,1205693,9/17/22
26,2,5.08E+12,계좌26,1205693,9/17/22
26,2,5.08E+12,계좌26,1205693,9/17/22
26,2,5.08E+12,계좌26,1205693,9/17/22
26,2,5.08E+12,계좌26,1205693,9/17/22
26,2,5.08E+12,계좌26,1205693,9/17/22
26,2,5.08E+12,계좌26,1205693,9/17/22
26,2,5.08E+12,계좌26,1205693,9/17/22
26,2,5.08E+12,계좌26,1205693,9/17/22
26,2,5.08E+12,계좌26,1205693,9/17/22
26,2,5.08E+12,계좌26,1205693,9/17/22
27,3,9.49E+12,계좌27,1607745,9/17/22
27,3,9.49E+12,계좌27,1607745,9/17/22
27,3,9.49E+12,계좌27,1607745,9/17/22
27,3,9.49E+12,계좌27,1607745,9/17/22
27,3,9.49E+12,계좌27,1607745,9/17/22
27,3,9.49E+12,계좌27,1607745,9/17/22
27,3,9.49E+12,계좌27,1607745,9/17/22
27,3,9.49E+12,계좌27,1607745,9/17/22
27,3,9.49E+12,계좌27,1607745,9/17/22
27,3,9.49E+12,계좌27,1607745,9/17/22
27,3,9.49E+12,계좌27,1607745,9/17/22
27,3,9.49E+12,계좌27,1607745,9/17/22
27,3,9.49E+12,계좌27,1607745,9/17/22
27,3,9.49E+12,계좌27,1607745,9/17/22
28,1,6.92E+12,계좌28,945655,9/17/22
28,1,6.92E+12,계좌28,945655,9/17/22
28,1,6.92E+12,계좌28,945655,9/17/22
28,1,6.92E+12,계좌28,945655,9/17/22
28,1,6.92E+12,계좌28,945655,9/17/22
28,1,6.92E+12,계좌28,945655,9/17/22
28,1,6.92E+12,계좌28,945655,9/17/22
28,1,6.92E+12,계좌28,945655,9/17/22
28,1,6.92E+12,계좌28,945655,9/17/22
28,1,6.92E+12,계좌28,945655,9/17/22
28,1,6.92E+12,계좌28,945655,9/17/22
28,1,6.92E+12,계좌28,945655,9/17/22
28,1,6.92E+12,계좌28,945655,9/17/22
28,1,6.92E+12,계좌28,945655,9/17/22
29,2,4.00E+11,계좌29,1116878,9/17/22
29,2,4.00E+11,계좌29,1116878,9/17/22
29,2,4.00E+11,계좌29,1116878,9/17/22
29,2,4.00E+11,계좌29,1116878,9/17/22
29,2,4.00E+11,계좌29,1116878,9/17/22
29,2,4.00E+11,계좌29,1116878,9/17/22
29,2,4.00E+11,계좌29,1116878,9/17/22
29,2,4.00E+11,계좌29,1116878,9/17/22
29,2,4.00E+11,계좌29,1116878,9/17/22
29,2,4.00E+11,계좌29,1116878,9/17/22
29,2,4.00E+11,계좌29,1116878,9/17/22
29,2,4.00E+11,계좌29,1116878,9/17/22
29,2,4.00E+11,계좌29,1116878,9/17/22
29,2,4.00E+11,계좌29,1116878,9/17/22
30,3,7.02E+12,계좌30,1202507,9/17/22
30,3,7.02E+12,계좌30,1202507,9/17/22
30,3,7.02E+12,계좌30,1202507,9/17/22
30,3,7.02E+12,계좌30,1202507,9/17/22
30,3,7.02E+12,계좌30,1202507,9/17/22
30,3,7.02E+12,계좌30,1202507,9/17/22
30,3,7.02E+12,계좌30,1202507,9/17/22
30,3,7.02E+12,계좌30,1202507,9/17/22
30,3,7.02E+12,계좌30,1202507,9/17/22
30,3,7.02E+12,계좌30,1202507,9/17/22
30,3,7.02E+12,계좌30,1202507,9/17/22
30,3,7.02E+12,계좌30,1202507,9/17/22
30,3,7.02E+12,계좌30,1202507,9/17/22
30,3,7.02E+12,계좌30,1202507,9/17/22
31,1,8.14E+12,계좌31,885598,9/17/22
31,1,8.14E+12,계좌31,885598,9/17/22
31,1,8.14E+12,계좌31,885598,9/17/22
31,1,8.14E+12,계좌31,885598,9/17/22
31,1,8.14E+12,계좌31,885598,9/17/22
31,1,8.14E+12,계좌31,885598,9/17/22
31,1,8.14E+12,계좌31,885598,9/17/22
31,1,8.14E+12,계좌31,885598,9/17/22
31,1,8.14E+12,계좌31,885598,9/17/22
31,1,8.14E+12,계좌31,885598,9/17/22
31,1,8.14E+12,계좌31,885598,9/17/22
31,1,8.14E+12,계좌31,885598,9/17/22
31,1,8.14E+12,계좌31,885598,9/17/22
31,1,8.14E+12,계좌31,885598,9/17/22
32,2,2.29E+12,계좌32,1554926,9/17/22
32,2,2.29E+12,계좌32,1554926,9/17/22
32,2,2.29E+12,계좌32,1554926,9/17/22
32,2,2.29E+12,계좌32,1554926,9/17/22
32,2,2.29E+12,계좌32,1554926,9/17/22
32,2,2.29E+12,계좌32,1554926,9/17/22
32,2,2.29E+12,계좌32,1554926,9/17/22
32,2,2.29E+12,계좌32,1554926,9/17/22
32,2,2.29E+12,계좌32,1554926,9/17/22
32,2,2.29E+12,계좌32,1554926,9/17/22
32,2,2.29E+12,계좌32,1554926,9/17/22
32,2,2.29E+12,계좌32,1554926,9/17/22
32,2,2.29E+12,계좌32,1554926,9/17/22
32,2,2.29E+12,계좌32,1554926,9/17/22
33,3,4.75E+12,계좌33,905015,9/17/22
33,3,4.75E+12,계좌33,905015,9/17/22
33,3,4.75E+12,계좌33,905015,9/17/22
33,3,4.75E+12,계좌33,905015,9/17/22
33,3,4.75E+12,계좌33,905015,9/17/22
33,3,4.75E+12,계좌33,905015,9/17/22
33,3,4.75E+12,계좌33,905015,9/17/22
33,3,4.75E+12,계좌33,905015,9/17/22
33,3,4.75E+12,계좌33,905015,9/17/22
33,3,4.75E+12,계좌33,905015,9/17/22
33,3,4.75E+12,계좌33,905015,9/17/22
33,3,4.75E+12,계좌33,905015,9/17/22
33,3,4.75E+12,계좌33,905015,9/17/22
33,3,4.75E+12,계좌33,905015,9/17/22
34,1,5.92E+12,계좌34,1267610,9/17/22
34,1,5.92E+12,계좌34,1267610,9/17/22
34,1,5.92E+12,계좌34,1267610,9/17/22
34,1,5.92E+12,계좌34,1267610,9/17/22
34,1,5.92E+12,계좌34,1267610,9/17/22
34,1,5.92E+12,계좌34,1267610,9/17/22
34,1,5.92E+12,계좌34,1267610,9/17/22
34,1,5.92E+12,계좌34,1267610,9/17/22
34,1,5.92E+12,계좌34,1267610,9/17/22
34,1,5.92E+12,계좌34,1267610,9/17/22
34,1,5.92E+12,계좌34,1267610,9/17/22
34,1,5.92E+12,계좌34,1267610,9/17/22
34,1,5.92E+12,계좌34,1267610,9/17/22
34,1,5.92E+12,계좌34,1267610,9/17/22
35,2,6.93E+12,계좌35,1730956,9/17/22
35,2,6.93E+12,계좌35,1730956,9/17/22
35,2,6.93E+12,계좌35,1730956,9/17/22
35,2,6.93E+12,계좌35,1730956,9/17/22
35,2,6.93E+12,계좌35,1730956,9/17/22
35,2,6.93E+12,계좌35,1730956,9/17/22
35,2,6.93E+12,계좌35,1730956,9/17/22
35,2,6.93E+12,계좌35,1730956,9/17/22
35,2,6.93E+12,계좌35,1730956,9/17/22
35,2,6.93E+12,계좌35,1730956,9/17/22
35,2,6.93E+12,계좌35,1730956,9/17/22
35,2,6.93E+12,계좌35,1730956,9/17/22
35,2,6.93E+12,계좌35,1730956,9/17/22
35,2,6.93E+12,계좌35,1730956,9/17/22
36,3,8.45E+12,계좌36,1708420,9/17/22
36,3,8.45E+12,계좌36,1708420,9/17/22
36,3,8.45E+12,계좌36,1708420,9/17/22
36,3,8.45E+12,계좌36,1708420,9/17/22
36,3,8.45E+12,계좌36,1708420,9/17/22
36,3,8.45E+12,계좌36,1708420,9/17/22
36,3,8.45E+12,계좌36,1708420,9/17/22
36,3,8.45E+12,계좌36,1708420,9/17/22
36,3,8.45E+12,계좌36,1708420,9/17/22
36,3,8.45E+12,계좌36,1708420,9/17/22
36,3,8.45E+12,계좌36,1708420,9/17/22
36,3,8.45E+12,계좌36,1708420,9/17/22
36,3,8.45E+12,계좌36,1708420,9/17/22
36,3,8.45E+12,계좌36,1708420,9/17/22
37,1,6.33E+12,계좌37,1094080,9/17/22
37,1,6.33E+12,계좌37,1094080,9/17/22
37,1,6.33E+12,계좌37,1094080,9/17/22
37,1,6.33E+12,계좌37,1094080,9/17/22
37,1,6.33E+12,계좌37,1094080,9/17/22
37,1,6.33E+12,계좌37,1094080,9/17/22
37,1,6.33E+12,계좌37,1094080,9/17/22
37,1,6.33E+12,계좌37,1094080,9/17/22
37,1,6.33E+12,계좌37,1094080,9/17/22
37,1,6.33E+12,계좌37,1094080,9/17/22
37,1,6.33E+12,계좌37,1094080,9/17/22
37,1,6.33E+12,계좌37,1094080,9/17/22
37,1,6.33E+12,계좌37,1094080,9/17/22
37,1,6.33E+12,계좌37,1094080,9/17/22
38,2,8.21E+12,계좌38,1204437,9/17/22
38,2,8.21E+12,계좌38,1204437,9/17/22
38,2,8.21E+12,계좌38,1204437,9/17/22
38,2,8.21E+12,계좌38,1204437,9/17/22
38,2,8.21E+12,계좌38,1204437,9/17/22
38,2,8.21E+12,계좌38,1204437,9/17/22
38,2,8.21E+12,계좌38,1204437,9/17/22
38,2,8.21E+12,계좌38,1204437,9/17/22
38,2,8.21E+12,계좌38,1204437,9/17/22
38,2,8.21E+12,계좌38,1204437,9/17/22
38,2,8.21E+12,계좌38,1204437,9/17/22
38,2,8.21E+12,계좌38,1204437,9/17/22
38,2,8.21E+12,계좌38,1204437,9/17/22
38,2,8.21E+12,계좌38,1204437,9/17/22
39,3,7.30E+12,계좌39,1014073,9/17/22
39,3,7.30E+12,계좌39,1014073,9/17/22
39,3,7.30E+12,계좌39,1014073,9/17/22
39,3,7.30E+12,계좌39,1014073,9/17/22
39,3,7.30E+12,계좌39,1014073,9/17/22
39,3,7.30E+12,계좌39,1014073,9/17/22
39,3,7.30E+12,계좌39,1014073,9/17/22
39,3,7.30E+12,계좌39,1014073,9/17/22
39,3,7.30E+12,계좌39,1014073,9/17/22
39,3,7.30E+12,계좌39,1014073,9/17/22
39,3,7.30E+12,계좌39,1014073,9/17/22
39,3,7.30E+12,계좌39,1014073,9/17/22
39,3,7.30E+12,계좌39,1014073,9/17/22
39,3,7.30E+12,계좌39,1014073,9/17/22
40,1,1.50E+12,계좌40,1694255,9/17/22
40,1,1.50E+12,계좌40,1694255,9/17/22
40,1,1.50E+12,계좌40,1694255,9/17/22
40,1,1.50E+12,계좌40,1694255,9/17/22
40,1,1.50E+12,계좌40,1694255,9/17/22
40,1,1.50E+12,계좌40,1694255,9/17/22
40,1,1.50E+12,계좌40,1694255,9/17/22
40,1,1.50E+12,계좌40,1694255,9/17/22
40,1,1.50E+12,계좌40,1694255,9/17/22
40,1,1.50E+12,계좌40,1694255,9/17/22
40,1,1.50E+12,계좌40,1694255,9/17/22
40,1,1.50E+12,계좌40,1694255,9/17/22
40,1,1.50E+12,계좌40,1694255,9/17/22
40,1,1.50E+12,계좌40,1694255,9/17/22
41,2,9.18E+12,계좌41,1239502,9/17/22
41,2,9.18E+12,계좌41,1239502,9/17/22
41,2,9.18E+12,계좌41,1239502,9/17/22
41,2,9.18E+12,계좌41,1239502,9/17/22
41,2,9.18E+12,계좌41,1239502,9/17/22
41,2,9.18E+12,계좌41,1239502,9/17/22
41,2,9.18E+12,계좌41,1239502,9/17/22
41,2,9.18E+12,계좌41,1239502,9/17/22
41,2,9.18E+12,계좌41,1239502,9/17/22
41,2,9.18E+12,계좌41,1239502,9/17/22
41,2,9.18E+12,계좌41,1239502,9/17/22
41,2,9.18E+12,계좌41,1239502,9/17/22
41,2,9.18E+12,계좌41,1239502,9/17/22
41,2,9.18E+12,계좌41,1239502,9/17/22
42,3,6.52E+12,계좌42,1670039,9/17/22
42,3,6.52E+12,계좌42,1670039,9/17/22
42,3,6.52E+12,계좌42,1670039,9/17/22
42,3,6.52E+12,계좌42,1670039,9/17/22
42,3,6.52E+12,계좌42,1670039,9/17/22
42,3,6.52E+12,계좌42,1670039,9/17/22
42,3,6.52E+12,계좌42,1670039,9/17/22
42,3,6.52E+12,계좌42,1670039,9/17/22
42,3,6.52E+12,계좌42,1670039,9/17/22
42,3,6.52E+12,계좌42,1670039,9/17/22
42,3,6.52E+12,계좌42,1670039,9/17/22
42,3,6.52E+12,계좌42,1670039,9/17/22
42,3,6.52E+12,계좌42,1670039,9/17/22
42,3,6.52E+12,계좌42,1670039,9/17/22
43,1,7.46E+12,계좌43,1617206,9/17/22
43,1,7.46E+12,계좌43,1617206,9/17/22
43,1,7.46E+12,계좌43,1617206,9/17/22
43,1,7.46E+12,계좌43,1617206,9/17/22
43,1,7.46E+12,계좌43,1617206,9/17/22
43,1,7.46E+12,계좌43,1617206,9/17/22
43,1,7.46E+12,계좌43,1617206,9/17/22
43,1,7.46E+12,계좌43,1617206,9/17/22
43,1,7.46E+12,계좌43,1617206,9/17/22
43,1,7.46E+12,계좌43,1617206,9/17/22
43,1,7.46E+12,계좌43,1617206,9/17/22
43,1,7.46E+12,계좌43,1617206,9/17/22
43,1,7.46E+12,계좌43,1617206,9/17/22
43,1,7.46E+12,계좌43,1617206,9/17/22
44,2,3.02E+12,계좌44,1792300,9/17/22
44,2,3.02E+12,계좌44,1792300,9/17/22
44,2,3.02E+12,계좌44,1792300,9/17/22
44,2,3.02E+12,계좌44,1792300,9/17/22
44,2,3.02E+12,계좌44,1792300,9/17/22
44,2,3.02E+12,계좌44,1792300,9/17/22
44,2,3.02E+12,계좌44,1792300,9/17/22
44,2,3.02E+12,계좌44,1792300,9/17/22
44,2,3.02E+12,계좌44,1792300,9/17/22
44,2,3.02E+12,계좌44,1792300,9/17/22
44,2,3.02E+12,계좌44,1792300,9/17/22
44,2,3.02E+12,계좌44,1792300,9/17/22
44,2,3.02E+12,계좌44,1792300,9/17/22
44,2,3.02E+12,계좌44,1792300,9/17/22
45,3,8.06E+12,계좌45,1102713,9/17/22
45,3,8.06E+12,계좌45,1102713,9/17/22
45,3,8.06E+12,계좌45,1102713,9/17/22
45,3,8.06E+12,계좌45,1102713,9/17/22
45,3,8.06E+12,계좌45,1102713,9/17/22
45,3,8.06E+12,계좌45,1102713,9/17/22
45,3,8.06E+12,계좌45,1102713,9/17/22
45,3,8.06E+12,계좌45,1102713,9/17/22
45,3,8.06E+12,계좌45,1102713,9/17/22
45,3,8.06E+12,계좌45,1102713,9/17/22
45,3,8.06E+12,계좌45,1102713,9/17/22
45,3,8.06E+12,계좌45,1102713,9/17/22
45,3,8.06E+12,계좌45,1102713,9/17/22
45,3,8.06E+12,계좌45,1102713,9/17/22
46,1,2.74E+12,계좌46,1448744,9/17/22
46,1,2.74E+12,계좌46,1448744,9/17/22
46,1,2.74E+12,계좌46,1448744,9/17/22
46,1,2.74E+12,계좌46,1448744,9/17/22
46,1,2.74E+12,계좌46,1448744,9/17/22
46,1,2.74E+12,계좌46,1448744,9/17/22
46,1,2.74E+12,계좌46,1448744,9/17/22
46,1,2.74E+12,계좌46,1448744,9/17/22
46,1,2.74E+12,계좌46,1448744,9/17/22
46,1,2.74E+12,계좌46,1448744,9/17/22
46,1,2.74E+12,계좌46,1448744,9/17/22
46,1,2.74E+12,계좌46,1448744,9/17/22
46,1,2.74E+12,계좌46,1448744,9/17/22
46,1,2.74E+12,계좌46,1448744,9/17/22
47,2,3.24E+11,계좌47,1448744,9/17/22
47,2,3.24E+11,계좌47,1448744,9/17/22
47,2,3.24E+11,계좌47,1448744,9/17/22
47,2,3.24E+11,계좌47,1448744,9/17/22
47,2,3.24E+11,계좌47,1448744,9/17/22
47,2,3.24E+11,계좌47,1448744,9/17/22
47,2,3.24E+11,계좌47,1448744,9/17/22
47,2,3.24E+11,계좌47,1448744,9/17/22
47,2,3.24E+11,계좌47,1448744,9/17/22
47,2,3.24E+11,계좌47,1448744,9/17/22
47,2,3.24E+11,계좌47,1448744,9/17/22
47,2,3.24E+11,계좌47,1448744,9/17/22
47,2,3.24E+11,계좌47,1448744,9/17/22
47,2,3.24E+11,계좌47,1448744,9/17/22
48,3,8.73E+12,계좌48,1048780,9/17/22
48,3,8.73E+12,계좌48,1048780,9/17/22
48,3,8.73E+12,계좌48,1048780,9/17/22
48,3,8.73E+12,계좌48,1048780,9/17/22
48,3,8.73E+12,계좌48,1048780,9/17/22
48,3,8.73E+12,계좌48,1048780,9/17/22
48,3,8.73E+12,계좌48,1048780,9/17/22
48,3,8.73E+12,계좌48,1048780,9/17/22
48,3,8.73E+12,계좌48,1048780,9/17/22
48,3,8.73E+12,계좌48,1048780,9/17/22
48,3,8.73E+12,계좌48,1048780,9/17/22
48,3,8.73E+12,계좌48,1048780,9/17/22
48,3,8.73E+12,계좌48,1048780,9/17/22
48,3,8.73E+12,계좌48,1048780,9/17/22
49,1,3.92E+12,계좌49,1107095,9/17/22
49,1,3.92E+12,계좌49,1107095,9/17/22
49,1,3.92E+12,계좌49,1107095,9/17/22
49,1,3.92E+12,계좌49,1107095,9/17/22
49,1,3.92E+12,계좌49,1107095,9/17/22
49,1,3.92E+12,계좌49,1107095,9/17/22
49,1,3.92E+12,계좌49,1107095,9/17/22
49,1,3.92E+12,계좌49,1107095,9/17/22
49,1,3.92E+12,계좌49,1107095,9/17/22
49,1,3.92E+12,계좌49,1107095,9/17/22
49,1,3.92E+12,계좌49,1107095,9/17/22
49,1,3.92E+12,계좌49,1107095,9/17/22
49,1,3.92E+12,계좌49,1107095,9/17/22
49,1,3.92E+12,계좌49,1107095,9/17/22
50,2,7.44E+12,계좌50,1454617,9/17/22
50,2,7.44E+12,계좌50,1454617,9/17/22
50,2,7.44E+12,계좌50,1454617,9/17/22
50,2,7.44E+12,계좌50,1454617,9/17/22
50,2,7.44E+12,계좌50,1454617,9/17/22
50,2,7.44E+12,계좌50,1454617,9/17/22
50,2,7.44E+12,계좌50,1454617,9/17/22
50,2,7.44E+12,계좌50,1454617,9/17/22
50,2,7.44E+12,계좌50,1454617,9/17/22
50,2,7.44E+12,계좌50,1454617,9/17/22
50,2,7.44E+12,계좌50,1454617,9/17/22
50,2,7.44E+12,계좌50,1454617,9/17/22
50,2,7.44E+12,계좌50,1454617,9/17/22
50,2,7.44E+12,계좌50,1454617,9/17/22